UNITID,OPEID,OPEID6,INSTNM,CITY,STABBR,INSTURL,NPCURL,HCM2,PREDDEG,HIGHDEG,CONTROL,LOCALE,HBCU,PBI,ANNHI,TRIBAL,AANAPII,HSI,NANTI,MENONLY,WOMENONLY,RELAFFIL,SATVR25,SATVR75,SATMT25,SATMT75,SATWR25,SATWR75,SATVRMID,SATMTMID,SATWRMID,ACTCM25,ACTCM75,ACTEN25,ACTEN75,ACTMT25,ACTMT75,ACTWR25,ACTWR75,ACTCMMID,ACTENMID,ACTMTMID,ACTWRMID,SAT_AVG,SAT_AVG_ALL,PCIP01,PCIP03,PCIP04,PCIP05,PCIP09,PCIP10,PCIP11,PCIP12,PCIP13,PCIP14,PCIP15,PCIP16,PCIP19,PCIP22,PCIP23,PCIP24,PCIP25,PCIP26,PCIP27,PCIP29,PCIP30,PCIP31,PCIP38,PCIP39,PCIP40,PCIP41,PCIP42,PCIP43,PCIP44,PCIP45,PCIP46,PCIP47,PCIP48,PCIP49,PCIP50,PCIP51,PCIP52,PCIP54,DISTANCEONLY,UGDS,UGDS_WHITE,UGDS_BLACK,UGDS_HISP,UGDS_ASIAN,UGDS_AIAN,UGDS_NHPI,UGDS_2MOR,UGDS_NRA,UGDS_UNKN,PPTUG_EF,CURROPER,NPT4_PUB,NPT4_PRIV,NPT41_PUB,NPT42_PUB,NPT43_PUB,NPT44_PUB,NPT45_PUB,NPT41_PRIV,NPT42_PRIV,NPT43_PRIV,NPT44_PRIV,NPT45_PRIV,PCTPELL,RET_FT4,RET_FTL4,RET_PT4,RET_PTL4,PCTFLOAN,UG25ABV,MD_EARN_WNE_P10,GT_25K_P6,GRAD_DEBT_MDN_SUPP,GRAD_DEBT_MDN10YR_SUPP,RPY_3YR_RT_SUPP,C150_L4_POOLED_SUPP,C150_4_POOLED_SUPP
100654,00100200,001002,Alabama A & M University,Normal,AL,www.
aamu.edu/,www2.aamu.edu/scripts/netpricecalc/npcalc.htm,0,3,4,1,12,1,0,0,0,0,0,0,0,0,NULL,383,470,360,480,370,457,427,420,414,16,19,14,20,15,18,NULL,NULL,18,17,17,NULL,850,850,0.0446,0.0023,0.0094,0,0,0.0164,0.0634,0,0.1268,0.1432,0.0587,0,0.0188,0,0.0235,0.0423,0,0.1009,0.0094,0,0,0,0,0,0.0188,0,0.0282,0.0282,0.0516,0.0399,0,0,0,0,0.0258,0,0.1479,0,0,4505,0.034,0.9216,0.0058,0.0018,0.0022,0.0018,0,0.0062,0.0266,0.0626,1,13435,NULL,13075,12458,15857,16022,14646,NULL,NULL,NULL,NULL,NULL,0.7249,0.5779,NULL,0.3077,NULL,0.8159,0.0877,29900,0.453,35000,361.891446885773,0.2458495231,NULL,0.3303
100663,00105200,001052,University of Alabama at Birmingham,Birmingham,AL,www.uab.edu,uab.studentaidcalculator.com/survey.aspx,0,3,4,1,12,0,0,0,0,0,0,0,0,0,NULL,520,630,520,668,NULL,NULL,575,594,NULL,22,28,22,30,19,26,NULL,NULL,25,26,23,NULL,1147,1147,0,0,0,0.0009,0.0426,0,0.0133,0,0.0815,0.0577,0,0.0069,0,0,0.0192,0.0179,0,0.0715,0.0124,0,0,0,0.0073,0,0.0174,0,0.087,0.0366,0.0238,0.0408,0,0,0,0,0.0376,0.2231,0.1837,0.0188,0,11269,0.5863,0.2541,0.0317,0.0595,0.0023,0.0006,0.0389,0.0181,0.0085,0.2671,1,16023,NULL,13614,14746,17601,18873,18482,NULL,NULL,NULL,NULL,NULL,0.3505,0.7864,NULL,0.6071,NULL,0.5218,0.2363,40200,0.669,21500,222.304745944118,0.5199110572,NULL,0.5504
100690,02503400,025034,Amridge University,Montgomery,AL,www.amridgeuniversity.edu,www2.amridgeuniversity.edu:9091/,0,3,4,2,12,0,1,0,0,0,0,0,0,0,74,NULL,NULL,NULL,NULL,NULL,NULL,NULL,NULL,NULL,NULL,NULL,NULL,NULL,NULL,NULL,NULL,NULL,NULL,NULL,NULL,NULL,NULL,NULL,0,0,0,0,0,0,0,0,0,0,0,0,0.2453,0,0,0.0566,0,0,0,0,0,0,0,0.1698,0,0,0,0.1321,0,0,0,0,0,0,0,0,0.3962,0,1,308,0.211,0.3409,0.0195,0,0,0.0032,0,0,0.4253,0.5714,1,NULL,8862,NULL,NULL,NULL,NULL,NULL,8453,12133,NULL,NULL,NULL,0.7455,0.6667,NULL,0.6667,NULL,0.8781,0.8571,40100,0.658,23000,237.814379382079,0.2331002331,NULL,PrivacySuppressed
100706,00105500,001055,University of Alabama in Hunt


sville,Huntsville,AL,www.uah.edu,finaid.uah.edu/,0,3,4,1,12,0,0,0,0,0,0,0,0,0,NULL,520,650,550,680,NULL,NULL,585,615,NULL,24,30,24,32,24,29,NULL,NULL,27,28,27,NULL,1221,1221,0,0,0,0,0.0216,0,0.0315,0,0.0216,0.3027,0,0.0162,0,0,0.0126,0,0,0.0712,0.0198,0,0.0009,0,0.0072,0,0.0216,0,0.0171,0,0,0.0189,0,0,0,0,0.0288,0.1892,0.2072,0.0117,0,5829,0.7024,0.123,0.0417,0.0381,0.013,0,0.0201,0.0317,0.03,0.1911,1,18661,NULL,15252,17228,19178,20842,20848,NULL,NULL,NULL,NULL,NULL,0.3179,0.8025,NULL,0.4,NULL,0.4589,0.2255,45600,0.685,23500,242.984257194733,0.5490029699,NULL,0.4776
100724,00100500,001005,Alabama State University,Montgomery,AL,www.alasu.edu,www.alasu.edu/cost-aid/forms/calculator/index.aspx,0,3,4,1,12,1,0,0,0,0,0,0,0,0,NULL,370,450,360,460,NULL,NULL,410,410,NULL,16,19,14,19,15,17,NULL,NULL,18,17,16,NULL,844,844,0,0,0,0,0.0945,0,0.0567,0,0.1531,0,0,0,0,0,0.0284,0,0,0.0794,0.0302,0,0,0.0151,0,0,0.0265,0,0.0624,0.1342,0.0548,0.0151,0,0,0,0,0.0473,0.0926,0.0983,0.0113,0,4740,0.0165,0.9251,0.0116,0.0032,0.0008,0.0006,0.0114,0.0209,0.0099,0.0766,1,7400,NULL,7519,2611,9831,11446,12430,NULL,NULL,NULL,NULL,NULL,0.7567,0.6021,NULL,0.6316,NULL,0.7692,0.0974,26700,0.393,32091,331.813097771753,0.1963538553,NULL,0.2663
100751,00105100,001051,The University 
of Ala
bama,Tuscaloosa,AL,www.ua.edu/,financialaid.ua.edu/net-price-calculator/,0,3,4,1,13,0,0,0,0,0,0,0,0,0,NULL,490,600,490,610,480,600,545,550,540,22,31,22,32,21,29,7,8,27,27,25,8,1181,1181,0,0.0039,0,0.0035,0.107,0,0.0067,0,0.0696,0.0788,0,0.0071,0.0714,0,0.0164,0,0,0.0378,0.0083,0,0.0256,0,0.0041,0,0.0095,0,0.035,0.0286,0.0102,0.0364,0,0,0,0,0.0295,0.1065,0.2886,0.0155,0,31005,0.7807,0.1092,0.0399,0.0113,0.0035,0.0009,0.0271,0.0245,0.0029,0.0825,1,20575,NULL,17263,19279,21309,22594,23599,NULL,NULL,NULL,NULL,NULL,0.2009,0.8647,NULL,0.4667,NULL,0.4059,0.081,42700,0.695,23750,245.56919610106,0.5911430119,NULL,0.6638
100760,00100700,001007,Central Alabama Community College,Alexander City,AL,www.cacc.edu,www.cacc.edu/NetPriceCalculator/14-15/npcalc.html,0,2,2,1,32,0,0,0,0,0,0,0,0,0,NULL,NULL,NULL,NULL,NULL,NULL,NULL,NULL,NULL,NULL,NULL,NULL,NULL,NULL,NULL,NULL,NULL,NULL,NULL,NULL,NULL,NULL,NULL,NULL,0,0,0,0,0,0,0.0189,0.022,0,0,0.044,0,0,0,0,0.3742,0,0,0,0,0.0346,0,0,0,0,0,0,0,0,0,0,0.022,0.0849,0,0,0.2453,0.1541,0,0,1546,0.7141,0.26,0.0123,0.0045,0.0019,0,0.0032,0.0019,0.0019,0.3745,1,5958,NULL,5180,5721,7518,9093,9834,NULL,NULL,NULL,NULL,NULL,0.5554,NULL,0.523,NULL,0.5397,0.3574,0.263,27200,0.466,9388,97.0696258103897,0.263502455,0.1722,NULL
100812,00100800,001008,Athens State University,Athens,AL,www.athens.edu,https://24.athens.edu/apex/prod8/f?p=174:1:3941357449598491,0,3,3,1,31,0,0,0,0,0,0,0,0,0,NULL,NULL,NULL,NULL,NULL,NULL,NULL,NULL,NULL,NULL,NULL,NULL,NULL,NULL,NULL,NULL,NULL,NULL,NULL,NULL,NULL,NULL,NULL,NULL,0,0,0,0,0,0,0.0501,0,0.2303,0,0,0,0,0,0.0363,0.0551,0,0.015,0.0225,0,0.015,0.0088,0.01,0,0.005,0,0.0325,0.0263,0,0.0288,0,0,0,0,0.0263,0.01,0.4205,0.0075,0,2904,0.7817,0.1185,0.0189,0.0062,0.0152,0.0007,0.0189,0.0055,0.0344,0.5778,1,NULL,NULL,NULL,NULL,NULL,NULL,NULL,NULL,NULL,NULL,NULL,NULL,0.4233,NULL,NULL,NULL,NULL,0.6512,0.6774,38500,0.653,18534,191.637030759455,0.4942462601,NULL,NULL
100830,00831000,008310,Auburn University at Montgomery,Montgomery,AL,www.aum.edu,www.aum.edu/current-students/financial-information/net-price-calculator,0,3,4,1,12,0,0,0,0,0,0,0,0,0,NULL,450,520,470,540,NULL,NULL,485,505,NULL,19,23,19,25,17,22,NULL,NULL,21,22,20,NULL,990,990,0,0.0017,0,0,0.0588,0,0,0,0.079,0,0,0.0067,0,0,0.0319,0.037,0,0.0571,0.0067,0,0,0.0336,0,0,0.0235,0,0.0387,0.0471,0,0.0336,0,0,0,0,0.0286,0.2555,0.2471,0.0134,0,4142,0.5355,0.351,0.007,0.0241,0.0051,0.0017,0.0316,0.0316,0.0123,0.2569,1,14176,NULL,12857,14215,15572,17266,16094,NULL,NULL,NULL,NULL,NULL,0.4373,0.6463,NULL,0.4727,NULL,0.5584,0.2257,33500,0.616,22192.5,229.465026714643,0.4162696959,NULL,0.2115
100858,00100900,001009,Auburn University,Auburn,AL,www.au

burn.edu,www.auburn.edu/admissions/money-matters.html,0,3,4,1,13,0,0,0,0,0,0,0,0,0,NULL,530,630,540,650,520,620,580,595,570,24,30,25,32,23,28,7,8,27,29,26,8,1218,1218,0.0433,0.0152,0.0175,0,0.0533,0,0.0066,0,0.0939,0.1741,0,0.0135,0.0331,0,0.0155,0,0,0.0873,0.0091,0,0.0223,0,0.0015,0,0.0135,0,0.0329,0,0.0214,0.0407,0,0,0,0,0.0367,0.0575,0.1989,0.0122,0,21551,0.842,0.0671,0.0323,0.025,0.0063,0.0001,0.0057,0.0131,0.0085,0.0894,1,22183,NULL,17216,19189,22210,24383,25805,NULL,NULL,NULL,NULL,NULL,0.1631,0.898,NULL,0.6923,NULL,0.347,0.0427,47100,0.741,21500,222.304745944118,0.731666973,NULL,0.7188
100937,00101200,001012,Birmingham Southern College,Birmingham,AL,www.bsc.edu/,www.bsc.edu/fp/np-calculator.cfm,0,3,3,2,12,0,0,0,0,0,0,0,0,0,71,480,590,500,610,NULL,NULL,535,555,NULL,23,29,23,30,22,28,NULL,NULL,26,27,25,NULL,1167,1167,0,0.0225,0,0,0.009,0,0,0,0.0495,0.009,0,0.0135,0,0,0.0405,0,0,0.1261,0.0405,0,0.027,0,0.0315,0,0.0721,0,0.1081,0,0,0.0856,0,0,0,0,0.0991,0,0.2207,0.045,0,1346,0.7912,0.1137,0.0208,0.0535,0.0097,0,0.0089,0,0.0022,0.0067,1,NULL,21562,NULL,NULL,NULL,NULL,NULL,18551,17803,20676,21980,24681,0.1992,0.8608,NULL,NULL,NULL,0.4633,0.0141,45600,0.637,26850,277.622438539514,0.747826087,NULL,0.627
101028,01218200,012182,Chattahoochee Valley Community College

,Phenix City,AL,www.cv.edu,https://external.cv.edu/npc/npcalc.htm,0,2,2,1,41,0,1,0,0,0,0,0,0,0,NULL,NULL,NULL,NULL,NULL,NULL,NULL,NULL,NULL,NULL,NULL,NULL,NULL,NULL,NULL,NULL,NULL,NULL,NULL,NULL,NULL,NULL,NULL,NULL,0,0,0,0,0,0,0.0575,0,0,0,0.0354,0,0,0,0,0.3982,0,0,0,0,0,0,0,0,0,0,0,0.0796,0,0,0,0,0,0,0.0044,0.2743,0.1504,0,0,1566,0.4662,0.4393,0.0453,0.0109,0.0038,0.0057,0.0166,0,0.0121,0.3914,1,1403,NULL,876,854,2891,4944,5620,NULL,NULL,NULL,NULL,NULL,0.605,NULL,0.5444,NULL,0.2063,0.3058,0.3604,26300,0.41,9389.5,97.0851354438277,0.2684824903,0.1376,NULL
101073,01055400,010554,Concordia College Alabama,Selma,AL,www.ccal.edu/,www.ccal.edu/admissions/net-pricing-calculator/,0,2,3,2,32,1,0,0,0,0,0,0,0,0,68,NULL,NULL,NULL,NULL,NULL,NULL,NULL,NULL,NULL,NULL,NULL,NULL,NULL,NULL,NULL,NULL,NULL,NULL,NULL,NULL,NULL,NULL,NULL,0,0,0,0,0,0,0,0,0.1765,0,0,0,0,0,0,0.451,0,0,0,0,0,0,0,0,0,0,0,0,0,0,0,0,0,0,0,0,0.3725,0,0,379,0.0317,0.9077,0.0317,0.0026,0,0,0,0.0264,0,0.0923,1,NULL,21838,NULL,NULL,NULL,NULL,NULL,21197,22616,23323,26486,NULL,0.9048,0.4468,NULL,0,NULL,0.9249,0.1294,20600,0.356,36870,381.226789905099,0.1184834123,NULL,0.1458
101116,01303906,013039,South University-Montgomery,Montgomery,AL,"www.southuniversity.edu/montgomery#location=Montgomery,%20AL",tcc.noellevitz.com/edmc/South Net Price Calculator,0,3,4,3,12,0,0,0,0,0,0,0,0,0,NULL,NULL,NULL,NULL,NULL,NULL,NULL,NULL,NULL,NULL,NULL,NULL,NULL,NULL,NULL,NULL,NULL,NULL,NULL,NULL,NULL,NULL,NULL,NULL,0,0,0,0,0,0,0.1009,0,0,0,0,0,0,0.0642,0,0,0,0,0,0,0,0,0,0,0,0,0.0092,0.055,0,0,0,0,0,0,0,0.6881,0.0826,0,0,460,0.3283,0.5913,0.0217,0.0152,0.0109,0.0087,0,0.0022,0.0217,0.2674,1,NULL,21275,NULL,NULL,NULL,NULL,NULL,20558,22448,23408,27628,NULL,0.6922,0.44,NULL,0.125,NULL,0.7304,0.6109,30300,0.58,25000,258.493890632695,0.226137931,NULL,0.0792
101143,00101500,001015,Enterprise State Community College,Enterprise,AL,www.escc.edu,www.escc.edu/NetPrice/npcalc.htm,0,2,2,1,32,0,0,0,0,0,0,0,0,0,NULL,NULL,NULL,NULL,NULL,NULL,NULL,NULL,NULL,NULL,NULL,NULL,NULL,NULL,NULL,NULL,NULL,NULL,NULL,NULL,NULL,NULL,NULL,NULL,0,0,0,0,0,0,0.0243,0,0,0,0,0,0.0121,0.0162,0,0.3927,0,0,0,0,0,0,0,0,0,0,0,0,0,0,0,0.3684,0,0,0,0.0202,0.166,0,0,1528,0.6296,0.2435,0.0582,0.0216,0.0046,0.0033,0.0334,0.0007,0.0052,0.4071,1,4499,NULL,3549,4609,5786,8075,8596,NULL,NULL,NULL,NULL,NULL,0.4928,NULL,0.557,NULL,0.3656,0.2128,0.2896,29800,0.518,7155,73.9809514990774,0.4375634518,0.1026,NULL
101161,00106000,001060,James H Faulkner State Community College,Bay Minette,AL,www.faulknerstate.edu,www.faulknerstate.edu,0,2,2,1,32,0,0,0,0,0,0,0,0,0,NULL,NULL,NULL,NULL,NULL,NULL,NULL,NULL,NULL,NULL,NULL,NULL,NULL,NULL,NULL,NULL,NULL,NULL,NULL,NULL,NULL,NULL,NULL,NULL,0.0058,0,0,0,0,0.0136,0.033,0,0,0,0.0019,0,0,0.0117,0,0.4641,0,0,0,0,0,0.0058,0,0,0,0,0,0,0,0,0.0019,0.0214,0.0039,0,0.0233,0.2951,0.1184,0,0,4372,0.6921,0.2246,0.0341,0.0089,0.0185,0.0018,0.0165,0.0016,0.0018,0.4085,1,6813,NULL,5343,6341,8563,9749,9593,NULL,NULL,NULL,NULL,NULL,0.4634,NULL,0.566,NULL,0.3482,0.5107,0.2598,28700,0.475,11000,113.737311878385,0.3568502503,0.1146,NULL
101189,00100300,001003,Faulkner University,Montgomery,AL,www.faulkner.edu,www.faulkner.edu/net-price-calculator-form/,0,3,4,2,12,0,1,0,0,0,0,0,0,0,74,430,520,440,510,430,510,475,475,470,18,24,18,24,16,23,NULL,NULL,21,21,20,NULL,985,985,0,0,0,0,0,0,0.0112,0,0.0412,0,0,0,0,0.015,0.015,0.03,0,0.0112,0.0037,0,0,0.0318,0,0.0094,0,0,0.0206,0.1592,0,0.0075,0,0,0,0,0.0225,0.0412,0.5768,0.0037,0,2282,0.3996,0.5079,0.0241,0.0026,0.0061,0.0026,0.0193,0.0215,0.0162,0.2244,1,NULL,23970,NULL,NULL,NULL,NULL,NULL,23712,25216,24682,23567,21981,0.5596,0.5669,NULL,0.5,NULL,0.7105,0.4353,35900,0.614,21750,224.889684850445,0.3014899211,NULL,0.2553
101240,00101700,001017,Gadsden State Community College,Gadsden,AL,www.gadsdenstate.edu,www.gadsdenstate.edu/net-price-calculator,0,1,2,1,13,1,0,0,0,0,0,0,0,0,NULL,NULL,NULL,NULL,NULL,NULL,NULL,NULL,NULL,NULL,NULL,NULL,NULL,NULL,NULL,NULL,NULL,NULL,NULL,NULL,NULL,NULL,NULL,NULL,0.0039,0,0,0,0,0,0.0176,0.0273,0,0,0.1783,0,0.0325,0.0163,0,0.1457,0,0,0,0,0,0,0,0,0,0,0,0,0,0,0.0111,0.2518,0.0683,0,0,0.1789,0.0683,0,0,4613,0.6978,0.1968,0.0308,0.0046,0.0113,0.0011,0.0269,0.0212,0.0095,0.4526,1,3682,NULL,3602,3994,5751,NULL,NULL,NULL,NULL,NULL,NULL,NULL,0.5604,NULL,0.5642,NULL,0.4465,0,0.332,25400,0.379,PrivacySuppressed,PrivacySuppressed,NULL,0.1568,NULL
101277,04187200,041872,New Beginning College of Cosmetology,Albertville,AL,www.nbccosmetology.com,www.nbccosmetology.com/npcalc.htm,0,1,1,3,32,0,0,0,0,0,0,0,0,0,NULL,NULL,NULL,NULL,NULL,NULL,NULL,NULL,NULL,NULL,NULL,NULL,NULL,NULL,NULL,NULL,NULL,NULL,NULL,NULL,NULL,NULL,NULL,NULL,0,0,0,0,0,0,0,1,0,0,0,0,0,0,0,0,0,0,0,0,0,0,0,0,0,0,0,0,0,0,0,0,0,0,0,0,0,0,0,91,0.8791,0.022,0.0989,0,0,0,0,0,0,0.0879,1,NULL,9463,NULL,NULL,NULL,NULL,NULL,9375,9410,10585,NULL,NULL,0.6707,NULL,0.8448,NULL,0,0.5749,0.2747,NULL,NULL,5500,56.8686559391929,0.4,0.7155,NULL
101286,00101800,001018,George C Wallace State Community 

College-Dothan,Dothan,AL,www.wallace.edu,www.wallace.edu/net_price_calculator.aspx,0,2,2,1,41,0,0,0,0,0,0,0,0,0,NULL,NULL,NULL,NULL,NULL,NULL,NULL,NULL,NULL,NULL,NULL,NULL,NULL,NULL,NULL,NULL,NULL,NULL,NULL,NULL,NULL,NULL,NULL,NULL,0,0,0,0,0,0,0.0142,0.0385,0,0,0.079,0,0.0537,0,0,0.232,0,0,0,0,0,0,0,0,0,0.003,0,0.0314,0,0,0.0638,0.0284,0.0496,0,0,0.381,0.0253,0,0,4173,0.6348,0.3094,0.0268,0.0065,0.0055,0.0017,0.0134,0,0.0019,0.4862,1,3067,NULL,2828,3522,4690,NULL,NULL,NULL,NULL,NULL,NULL,NULL,0.5398,NULL,0.5921,NULL,0.4104,0,0.3422,24800,0.374,PrivacySuppressed,PrivacySuppressed,NULL,0.1721,NULL
101295,00787100,007871,George C Wallace State Community College-Hanceville,Hanceville,AL,www.wallacestate.edu,www.wallacestate.edu/Financial-Aid/Net-Price-Calculator,0,2,2,1,32,0,0,0,0,0,0,0,0,0,NULL,NULL,NULL,NULL,NULL,NULL,NULL,NULL,NULL,NULL,NULL,NULL,NULL,NULL,NULL,NULL,NULL,NULL,NULL,NULL,NULL,NULL,NULL,NULL,0,0,0,0,0,0,0.0127,0.0264,0,0,0.0437,0,0.0045,0.0109,0,0.2247,0,0,0,0,0.0637,0,0,0,0,0,0,0.0237,0,0,0,0.0473,0.0328,0.0146,0.0073,0.4559,0.0318,0,0,4821,0.8486,0.0631,0.038,0.0073,0.0097,0,0,0.0075,0.0259,0.4626,1,7008,NULL,6585,6095,9296,11065,11169,NULL,NULL,NULL,NULL,NULL,0.4982,NULL,0.6045,NULL,0.4221,0.3915,0.2671,31100,0.537,11000,113.737311878385,0.4402676011,0.2923,NULL
101301,00569900,005699,George C Wallace State Community College-Selma,Selma,AL,www.wccs.edu,wccs.edu/home/admissions/financial-aid/net-price-calculator/,0,2,2,1,32,0,1,0,0,0,0,0,0,0,NULL,NULL,NULL,NULL,NULL,NULL,NULL,NULL,NULL,NULL,NULL,NULL,NULL,NULL,NULL,NULL,NULL,NULL,NULL,NULL,NULL,NULL,NULL,NULL,0,0,0,0,0,0,0.0151,0.063,0,0,0.0126,0,0,0,0,0.335,0,0,0,0,0,0,0,0,0,0,0,0,0,0,0.1385,0.0252,0.1738,0,0,0.1814,0.0554,0,0,1383,0.1902,0.7628,0.0072,0.0029,0.0022,0,0.0043,0.0051,0.0253,0.3637,1,7688,NULL,7624,9004,12215,NULL,NULL,NULL,NULL,NULL,NULL,NULL,0.7398,NULL,0.5677,NULL,0.3855,0,0.2753,23100,0.376,PrivacySuppressed,PrivacySuppressed,NULL,0.1879,NULL
101365,00962107,009621,Herzing University-Birmingham,Birmingham,AL,www.herzing.edu/,www.herzing.edu/financial-aid/net-price-calculator,0,1,4,3,21,0,0,0,0,0,0,0,0,0,NULL,NULL,NULL,NULL,NULL,NULL,NULL,NULL,NULL,NULL,NULL,NULL,NULL,NULL,NULL,NULL,NULL,NULL,NULL,NULL,NULL,NULL,NULL,NULL,0,0,0,0,0,0,0.0169,0,0,0,0.0506,0,0,0,0,0,0,0,0,0,0,0,0,0,0,0,0,0.0169,0,0,0,0,0,0,0,0.8596,0.0562,0,0,360,0.3722,0.5083,0.0333,0,0.0028,0.0056,0.0444,0,0.0333,0.4972,1,NULL,23186,NULL,NULL,NULL,NULL,NULL,23060,21695,25307,26546,NULL,0.5927,0.5,NULL,NULL,NULL,0.7219,0.7147,40300,0.566,23713.5,245.191795020736,0.2771250864,NULL,0.4118
101435,00101900,001019,Huntingdon College,Montgomery,AL,www.huntingdon.edu,hawk.huntingdon.edu/oiac/netpricecalculator/npcalc.htm,0,3,3,2,12,0,0,0,0,0,0,0,0,0,71,440,550,450,568,NULL,NULL,495,509,NULL,19,23,18,24,16,22,NULL,NULL,21,21,19,NULL,992,992,0,0,0,0,0.039,0,0,0,0.1039,0,0,0,0,0,0.0087,0,0,0.0823,0.0173,0,0,0.0823,0.0173,0.0087,0.0303,0,0.039,0,0,0.013,0,0,0,0,0.0303,0.0216,0.4848,0.0216,0,1160,0.631,0.2164,0.0345,0.006,0.0095,0.0009,0.031,0.0017,0.069,0.2293,1,NULL,19685,NULL,NULL,NULL,NULL,NULL,16621,17760,19988,21948,22932,0.4207,0.6608,NULL,NULL,NULL,0.6862,0.2196,36800,0.612,26477.5,273.770879569087,0.4992657856,NULL,0.4327
101453,02199700,021997,Heritage Christian University,Florence,AL,www.hcu.edu,www.hcu.edu/netpricecalculator/,0,3,4,2,13,0,0,0,0,0,0,0,0,0,74,380,660,400,610,300,560,520,505,430,14,17,11,16,16,17,11,12,16,14,17,12,848,848,0,0,0,0,0,0,0,0,0,0,0,0,0,0,0,0,0,0,0,0,0,0,0,1,0,0,0,0,0,0,0,0,0,0,0,0,0,0,0,58,0.7586,0.1552,0.0172,0,0.0345,0,0.0172,0.0172,0,0.4655,1,NULL,11194,NULL,NULL,NULL,NULL,NULL,11464,10925,NULL,NULL,NULL,0.5806,0,NULL,NULL,NULL,0.3226,0.5862,PrivacySuppressed,PrivacySuppressed,PrivacySuppressed,PrivacySuppressed,PrivacySuppressed,NULL,PrivacySuppressed
101462,00526000,005260,J F Drake State Community and Technical College,Huntsville,AL,www.drakestate.edu,www.drakestate.edu/admissions/net_price_calculator.aspx,0,2,2,1,12,1,0,0,0,0,0,0,0,0,NULL,NULL,NULL,NULL,NULL,NULL,NULL,NULL,NULL,NULL,NULL,NULL,NULL,NULL,NULL,NULL,NULL,NULL,NULL,NULL,NULL,NULL,NULL,NULL,0,0,0,0,0,0,0.0476,0.1587,0,0,0.1349,0,0,0,0,0.0238,0,0,0,0,0,0,0,0,0,0,0,0,0,0,0.0238,0.0317,0.119,0,0,0.2857,0.1746,0,0,820,0.3671,0.5561,0.0195,0.0073,0.0134,0,0.0207,0.0098,0.0061,0.411,1,7222,NULL,7068,7941,9540,NULL,NULL,NULL,NULL,NULL,NULL,NULL,0.693,NULL,0.4069,NULL,0.2588,0,0.4769,22200,0.369,PrivacySuppressed,PrivacySuppressed,NULL,0.1246,NULL
101480,00102000,001020,Jacksonville State University,Jacksonville,AL,www.jsu.edu/,www.jsu.edu/finaid/,0,3,4,1,13,0,0,0,0,0,0,0,0,0,NULL,450,550,440,550,NULL,NULL,500,495,NULL,20,26,20,28,18,25,NULL,NULL,23,24,22,NULL,1062,1062,0,0,0,0,0.0354,0,0.0226,0,0.0663,0,0.0264,0.0023,0.0324,0,0.0286,0.0565,0,0.0444,0.0075,0,0,0.009,0,0,0.0128,0,0.0256,0.0602,0.0587,0.0294,0,0,0,0,0.0444,0.2877,0.1295,0.0203,0,6625,0.6981,0.2214,0.0124,0.0059,0.0075,0.0006,0,0.026,0.0281,0.1857,1,17139,NULL,14696,16376,18923,19997,20030,NULL,NULL,NULL,NULL,NULL,0.4308,0.7434,NULL,0.375,NULL,0.6746,0.1814,35000,0.548,23250,240.399318288406,0.3945111492,NULL,0.3057
101499,00102100,001021,Jefferson Davis Community College,Brewton,AL,www.jdcc.edu,www.jdcc.edu/netpricecalculator/,0,2,2,1,32,0,0,0,0,0,0,0,0,0,NULL,NULL,NULL,NULL,NULL,NULL,NULL,NULL,NULL,NULL,NULL,NULL,NULL,NULL,NULL,NULL,NULL,NULL,NULL,NULL,NULL,NULL,NULL,NULL,0,0,0,0,0,0,0,0.0565,0,0,0.0565,0,0.004,0,0,0.3185,0,0,0,0,0,0,0,0,0,0,0,0,0,0,0,0.1008,0.1895,0,0,0.25,0.0242,0,0,1036,0.5647,0.3098,0.0068,0.0203,0.0193,0,0.0145,0,0.0647,0.417,1,3602,NULL,3602,NULL,NULL,NULL,NULL,NULL,NULL,NULL,NULL,NULL,0.5516,NULL,0.4806,NULL,0.4808,0,0.3843,24100,0.452,PrivacySuppressed,PrivacySuppressed,NULL,0.2427,NULL
101505,00102200,001022,Jefferson State Community College,Birmingham,AL,www.jeffstateonline.com,www.jeffersonstate.edu/financial-aid/net-price-calculator/,0,2,2,1,12,0,0,0,0,0,0,0,0,0,NULL,NULL,NULL,NULL,NULL,NULL,NULL,NULL,NULL,NULL,NULL,NULL,NULL,NULL,NULL,NULL,NULL,NULL,NULL,NULL,NULL,NULL,NULL,NULL,0,0,0,0,0,0,0.0534,0.0633,0,0,0.0709,0,0.0282,0,0,0.2477,0,0,0,0,0,0,0,0,0,0,0,0.0488,0,0,0,0,0,0,0,0.2713,0.2165,0,0,7381,0.6708,0.2187,0.0377,0.0191,0.0031,0.0011,0.0285,0.0207,0.0004,0.6173,1,9674,NULL,8421,9403,11007,12880,13118,NULL,NULL,NULL,NULL,NULL,0.3329,NULL,0.5265,NULL,0.4402,0.2156,0.3118,30100,0.534,8500,87.8879228151164,0.4520738933,0.0609,NULL
101514,00101300,001013,John C Calhoun State Community College,Tanner,AL,www.calhoun.edu,https://calhoun.edu/student-resources/financial-aid/net-price-calculator,0,2,2,1,41,0,0,0,0,0,0,0,0,0,NULL,NULL,NULL,NULL,NULL,NULL,NULL,NULL,NULL,NULL,NULL,NULL,NULL,NULL,NULL,NULL,NULL,NULL,NULL,NULL,NULL,NULL,NULL,NULL,0.0223,0,0,0,0,0,0.0427,0.0045,0,0,0.1223,0,0.0115,0,0,0.4032,0,0,0,0.0013,0,0,0,0,0,0,0,0,0,0,0.0127,0,0.0134,0,0.0146,0.3223,0.0293,0,0,8547,0.6595,0.1864,0.0461,0.0296,0.0161,0.0004,0.0424,0.0075,0.0121,0.5793,1,5134,NULL,3766,4915,7322,9293,9209,NULL,NULL,NULL,NULL,NULL,0.3909,NULL,0.6156,NULL,0.429,0.2877,0.3488,27300,0.454,11000,113.737311878385,0.3851002865,0.1408,NULL
101541,00102300,001023,Judson College,Marion,AL,www.judson.edu,www.judson.edu,0,3,3,2,43,0,0,0,0,0,0,0,0,1,54,480,560,400,660,NULL,NULL,520,530,NULL,19,25,19,25,17,23,NULL,NULL,22,22,20,NULL,1031,1031,0.0615,0,0,0,0,0,0,0,0.0615,0,0,0,0,0,0.0154,0,0,0.1231,0,0,0,0,0.0308,0,0.0462,0,0.1231,0.0308,0.0308,0.0154,0,0,0,0,0.1077,0.2462,0.0615,0.0462,0,373,0.7802,0.1555,0.008,0.0054,0.0054,0.0027,0.0134,0.0188,0.0107,0.3324,1,NULL,13152,NULL,NULL,NULL,NULL,NULL,12695,14669,15811,14590,725,0.5635,0.6951,NULL,NULL,NULL,0.6614,0.3422,27800,0.407,PrivacySuppressed,PrivacySuppressed,0.475,NULL,0.4233
101569,00105900,001059,Lawson State Community College-Birmingham Campus,Birmingham,AL,www.lawsonstate.edu,www.lawsonstate.edu/disclosure_and_consumer_information/general_institutional_information/net_price_calculator.aspx,0,1,2,1,12,1,0,0,0,0,0,0,0,0,NULL,NULL,NULL,NULL,NULL,NULL,NULL,NULL,NULL,NULL,NULL,NULL,NULL,NULL,NULL,NULL,NULL,NULL,NULL,NULL,NULL,NULL,NULL,NULL,0,0,0,0,0,0.0086,0.0411,0.0291,0,0,0.2295,0,0.0394,0,0,0.2226,0,0,0,0,0.0274,0,0,0,0,0,0,0.0068,0.0034,0.0034,0.0462,0.0993,0.0445,0,0.0325,0.0805,0.0856,0,0,3003,0.1532,0.8149,0.011,0.0067,0.0023,0.0013,0.0073,0.0017,0.0017,0.4163,1,8000,NULL,7950,8120,8630,5124,NULL,NULL,NULL,NULL,NULL,NULL,0.7068,NULL,0.5424,NULL,0.3121,0,0.3496,24000,0.357,PrivacySuppressed,PrivacySuppressed,NULL,0.1106,NULL
101587,00102400,001024,University of West Alabama,Livingston,AL,www.uwa.edu,secure.uwa.edu/calculator/npcalc.htm,0,3,4,1,43,0,1,0,0,0,0,0,0,0,NULL,430,530,360,560,420,530,480,460,475,18,21,18,22,19,20,NULL,NULL,20,20,20,NULL,930,930,0,0,0,0,0.0571,0,0,0,0.1878,0,0.0245,0,0,0,0.0122,0,0,0.0776,0.0286,0,0.0163,0.0449,0,0,0.0163,0,0.0367,0,0,0.0204,0,0.0245,0,0,0,0.2,0.2286,0.0245,0,1913,0.4511,0.4004,0.0225,0.0026,0.0016,0.0016,0.0183,0.0633,0.0387,0.1093,1,12733,NULL,10626,11313,14450,14599,14637,NULL,NULL,NULL,NULL,NULL,0.5343,0.6637,NULL,0,NULL,0.6826,0.1436,36200,0.503,26489,273.889786758778,0.361612515,NULL,0.3099
101602,00898800,008988,Lurleen B Wallace Community College,Andalusia,AL,www.lbwcc.edu,www.lbwcc.edu/financial_aid/net_price_calculator.aspx,0,2,2,1,41,0,0,0,0,0,0,0,0,0,NULL,NULL,NULL,NULL,NULL,NULL,NULL,NULL,NULL,NULL,NULL,NULL,NULL,NULL,NULL,NULL,NULL,NULL,NULL,NULL,NULL,NULL,NULL,NULL,0,0.0336,0,0,0,0,0.0308,0.0784,0,0,0.028,0,0.0336,0,0,0.2941,0,0,0,0,0,0,0,0,0,0,0,0,0,0,0,0.1289,0.0784,0,0,0.2745,0.0196,0,0,1412,0.699,0.267,0.0113,0.0035,0.0057,0,0.0135,0,0,0.2691,1,7003,NULL,7003,NULL,NULL,NULL,NULL,NULL,NULL,NULL,NULL,NULL,0.5704,NULL,0.5906,NULL,0.5581,0,0.1917,25500,0.417,PrivacySuppressed,PrivacySuppressed,NULL,0.2314,NULL
101648,00102600,001026,Marion Military Institute,Marion,AL,www.marionmilitary.edu,www.marionmilitary.edu/admissions/netcalc/npcalc.htm,0,2,2,1,43,0,0,0,0,0,0,0,0,0,NULL,480,580,500,600,NULL,NULL,530,550,NULL,19,26,18,25,18,26,NULL,NULL,23,22,22,NULL,1061,1061,0,0,0,0,0,0,0,0,0,0,0,0,0,0,0,1,0,0,0,0,0,0,0,0,0,0,0,0,0,0,0,0,0,0,0,0,0,0,0,450,0.6067,0.2089,0.0911,0.0222,0.0067,0.0044,0.0489,0,0.0111,0.0022,1,10403,NULL,7916,8798,10886,12174,12957,NULL,NULL,NULL,NULL,NULL,0.426,NULL,0.4116,NULL,NULL,0.6036,0.0131,45900,0.647,11500,118.907189691039,0.5574912892,0.2835,NULL
101675,00102800,001028,Miles College,Fairfield,AL,www.miles.edu,https://miles.studentaidcalculator.com/survey.aspx,0,3,3,2,21,1,0,0,0,0,0,0,0,0,55,NULL,NULL,NULL,NULL,NULL,NULL,NULL,NULL,NULL,NULL,NULL,NULL,NULL,NULL,NULL,NULL,NULL,NULL,NULL,NULL,NULL,NULL,NULL,0,0.0227,0,0,0.0773,0,0.0409,0,0.0409,0,0,0,0.0455,0,0.0182,0,0,0.0864,0.0045,0,0,0,0,0,0.0091,0,0,0.2136,0.0955,0.0182,0,0,0,0,0.0364,0,0.2545,0.0364,0,1869,0.0161,0.9674,0.0075,0.0005,0,0,0.0075,0,0.0011,0.0353,1,NULL,15708,NULL,NULL,NULL,NULL,NULL,15254,15983,17884,16418,18552,0.853,0.5258,NULL,0,NULL,0.9108,0.1447,25300,0.374,36172,374.009640478634,0.1496512365,NULL,0.2016
101693,00102900,001029,University of Mobile,Mobile,AL,www.umobile.edu,tcc.noellevitz.com/(S(i2ma5wzihnqpsazmq43fszpq))/University%20of%20Mobile/Freshman-Students,0,3,4,2,41,0,0,0,0,0,0,0,0,0,75,430,540,420,580,NULL,NULL,485,500,NULL,19,25,19,26,17,24,NULL,NULL,22,23,21,NULL,1025,1025,0,0,0,0,0.0303,0,0.0121,0,0.1727,0,0,0,0,0,0.003,0.0515,0,0.0394,0.0121,0,0.0303,0.0303,0.0606,0.0394,0,0,0.0212,0,0,0.0424,0,0,0,0,0.0394,0.2485,0.1636,0.003,0,1437,0.6159,0.2296,0.0174,0.007,0.0167,0.0014,0.0285,0.0487,0.0348,0.1072,1,NULL,19649,NULL,NULL,NULL,NULL,NULL,16828,19098,19251,21608,24284,0.4918,0.75,NULL,0,NULL,0.7729,0.2129,35000,0.578,25875,267.541176804839,0.4461859979,NULL,0.4274
101709,00100400,001004,University of Montevallo,Montevallo,AL,www.montevallo.edu,www.montevallo.edu/admissions/undergraduate-admissions/financial-aid/net-price-calculator/,0,3,4,1,21,0,0,0,0,0,0,0,0,0,NULL,455,595,475,580,470,585,525,528,528,20,26,21,28,18,24,NULL,NULL,23,25,21,NULL,1069,1069,0,0,0,0,0.0533,0,0,0,0.06,0,0,0.0333,0.0333,0,0.1033,0,0,0.0433,0.0233,0,0,0.06,0,0,0.0233,0,0.0867,0,0.03,0.0367,0,0,0,0,0.14,0.0933,0.13,0.05,0,2553,0.7164,0.1492,0.0372,0.0078,0.0051,0,0.0247,0.0141,0.0454,0.0995,1,16885,NULL,14436,15186,17994,19582,19811,NULL,NULL,NULL,NULL,NULL,0.4058,0.7698,NULL,0.6,NULL,0.5755,0.1092,33100,0.553,23383,241.774505786572,0.5227475468,NULL,0.4454
101736,00569700,005697,Northwest-Shoals Community College,Muscle Shoals,AL,www.nwscc.edu,nwscc.edu/financialaid/netpricecalculator/npcalc.htm,0,2,2,1,13,0,0,0,0,0,0,0,0,0,NULL,NULL,NULL,NULL,NULL,NULL,NULL,NULL,NULL,NULL,NULL,NULL,NULL,NULL,NULL,NULL,NULL,NULL,NULL,NULL,NULL,NULL,NULL,NULL,0,0,0,0,0,0,0.0178,0.047,0,0,0.0373,0,0.0357,0,0,0.2058,0,0,0,0,0.0827,0,0,0,0,0,0,0.0081,0,0,0.0276,0.0681,0.0632,0,0,0.342,0.0648,0,0,3047,0.7762,0.1339,0.041,0.0036,0.0098,0.0007,0.0026,0.003,0.0292,0.4565,1,5806,NULL,5515,5783,7865,9301,9282,NULL,NULL,NULL,NULL,NULL,0.5279,NULL,0.576,NULL,0.3182,0.2845,0.253,25000,0.423,11000,113.737311878385,0.37100894,0.1234,NULL
101879,00101600,001016,University of North Alabama,Florence,AL,www.una.edu,studentnpc.collegeboard.org/,0,3,4,1,13,0,0,0,0,0,0,0,0,0,NULL,398,560,410,535,NULL,NULL,479,473,NULL,19,25,20,26,17,24,NULL,NULL,22,23,21,NULL,1027,1027,0,0,0,0,0.0458,0,0.0083,0,0.1,0,0,0.0094,0.0344,0,0.0177,0,0,0.0417,0.0052,0,0.0396,0.049,0,0,0.024,0,0.0156,0.0385,0.049,0.0594,0,0,0,0,0.0594,0.151,0.2313,0.0208,0,5698,0.7102,0.1416,0.0281,0.0042,0.0104,0.0012,0.0256,0.0393,0.0393,0.1272,1,11438,NULL,9381,10261,12371,13072,13156,NULL,NULL,NULL,NULL,NULL,0.402,0.7583,NULL,0.3077,NULL,0.6731,0.1445,36400,0.567,21837,225.789243589846,0.5181115181,NULL,0.3831
101897,00103100,001031,Northeast Alabama Community College,Rainsville,AL,www.nacc.edu,www.nacc.edu,0,2,2,1,42,0,0,0,0,0,0,0,0,0,NULL,NULL,NULL,NULL,NULL,NULL,NULL,NULL,NULL,NULL,NULL,NULL,NULL,NULL,NULL,NULL,NULL,NULL,NULL,NULL,NULL,NULL,NULL,NULL,0,0,0,0,0,0,0.0364,0.0434,0,0,0.1359,0,0.0336,0,0,0.2325,0,0,0,0,0,0,0,0,0,0,0,0.0364,0,0,0,0.0812,0.0266,0,0,0.3221,0.0518,0,0,2050,0.84,0.0224,0.0898,0.0073,0.0259,0.0005,0.0098,0.0039,0.0005,0.4273,1,2932,NULL,2932,NULL,NULL,NULL,NULL,NULL,NULL,NULL,NULL,NULL,0.5602,NULL,0.6011,NULL,0.3818,0,0.2267,28100,0.448,4500,46.5289003138851,0.4497354497,0.2787,NULL
101912,00103300,001033,Oakwood University,Huntsville,AL,www.oakwood.edu,https://npc.collegeboard.org/student/app/oakwood,0,3,4,2,12,1,0,0,0,0,0,0,0,0,95,410,540,380,500,NULL,NULL,475,440,NULL,17,22,17,23,16,21,NULL,NULL,20,20,19,NULL,923,923,0,0,0,0,0.0674,0,0.0147,0,0.0293,0,0,0.0205,0.0059,0,0.0117,0.085,0,0.132,0.0117,0,0.0029,0,0,0.0587,0.0029,0,0.0733,0,0.0792,0.0323,0,0,0,0,0.0381,0.1613,0.1584,0.0147,0,1687,0.0047,0.8435,0.0308,0.0024,0.0065,0,0,0.0699,0.0421,0.0539,1,NULL,24565,NULL,NULL,NULL,NULL,NULL,19506,24573,24845,29915,30895,0.5312,0.7594,NULL,NULL,NULL,0.7214,0.148,32200,0.418,31000,320.532424384542,0.2704471101,NULL,0.4278
101949,00103400,001034,Alabama Southern Community College,Monroeville,AL,www.ascc.edu,www.ascc.edu,0,2,2,1,41,0,1,0,0,0,0,0,0,0,NULL,NULL,NULL,NULL,NULL,NULL,NULL,NULL,NULL,NULL,NULL,NULL,NULL,NULL,NULL,NULL,NULL,NULL,NULL,NULL,NULL,NULL,NULL,NULL,0,0,0,0,0,0,0,0.0678,0,0,0.1864,0,0,0,0,0.322,0,0,0,0,0,0,0,0,0,0,0,0,0,0,0,0,0.2147,0,0,0.1186,0.0904,0,0,1151,0.5343,0.424,0.0096,0.0017,0.0096,0.0009,0.0087,0.0009,0.0104,0.2911,1,5058,NULL,5058,NULL,NULL,NULL,NULL,NULL,NULL,NULL,NULL,NULL,0.5472,NULL,0.6147,NULL,0.4074,0,0.1587,22800,0.371,PrivacySuppressed,PrivacySuppressed,NULL,0.2854,NULL
101958,02296000,022960,Prince Institute-Southeast,Elmhurst,IL,princeinstitute.edu,npc.princeinstitute.edu/AidCalculator.aspx,0,2,2,3,21,0,0,0,0,0,0,0,0,0,NULL,NULL,NULL,NULL,NULL,NULL,NULL,NULL,NULL,NULL,NULL,NULL,NULL,NULL,NULL,NULL,NULL,NULL,NULL,NULL,NULL,NULL,NULL,NULL,0,0,0,0,0,0,0,0,0,0,0,0,0,0.6111,0,0,0,0,0,0,0,0,0,0,0,0,0,0,0,0,0,0,0,0,0,0.1111,0.2778,0,0,25,0.92,0,0.08,0,0,0,0,0,0,0.64,0,NULL,NULL,NULL,NULL,NULL,NULL,NULL,NULL,NULL,NULL,NULL,NULL,0.6905,NULL,NULL,NULL,NULL,0.8333,0.8,PrivacySuppressed,PrivacySuppressed,PrivacySuppressed,PrivacySuppressed,0.3692307692,0.2481,NULL
101994,00569200,005692,Reid State Technical College,Evergreen,AL,www.rstc.edu,www.rstc.edu,0,1,2,1,41,0,0,0,0,0,0,0,0,0,NULL,NULL,NULL,NULL,NULL,NULL,NULL,NULL,NULL,NULL,NULL,NULL,NULL,NULL,NULL,NULL,NULL,NULL,NULL,NULL,NULL,NULL,NULL,NULL,0,0,0,0,0,0,0.0313,0.1313,0,0,0,0,0.025,0,0,0,0,0,0,0,0.0063,0,0,0,0,0,0,0,0,0,0.0063,0.1063,0.1125,0.0875,0,0.425,0.0688,0,0,422,0.4336,0.5284,0.0047,0.0024,0.019,0,0.0118,0,0,0.41,1,4147,NULL,4184,NULL,NULL,NULL,2034,NULL,NULL,NULL,NULL,NULL,0.5355,NULL,0.4699,NULL,0.4,0,0.3538,19900,0.364,PrivacySuppressed,PrivacySuppressed,NULL,0.2923,NULL
102030,00103000,001030,Bishop State Community College,Mobile,AL,www.bishop.edu,www.bishop.edu/calculator/,0,1,2,1,12,1,0,0,0,0,0,0,0,0,NULL,NULL,NULL,NULL,NULL,NULL,NULL,NULL,NULL,NULL,NULL,NULL,NULL,NULL,NULL,NULL,NULL,NULL,NULL,NULL,NULL,NULL,NULL,NULL,0,0,0,0,0,0.0093,0.0167,0.0465,0,0,0.0669,0,0.0483,0,0,0.1115,0,0,0,0,0.0818,0,0,0,0,0,0,0,0,0,0.0149,0.0316,0.1747,0.1691,0,0.2138,0.0149,0,0,2701,0.2469,0.6583,0.0211,0.0185,0.0081,0.0011,0.013,0.0307,0.0022,0.4091,1,5870,NULL,5870,NULL,NULL,NULL,NULL,NULL,NULL,NULL,NULL,NULL,0.6554,NULL,0.3772,NULL,0.2448,0,0.3661,21900,0.317,PrivacySuppressed,PrivacySuppressed,PrivacySuppressed,0.0982,NULL
102049,00103600,001036,Samford University,Birmingham,AL,www.samford.edu,https://samford.studentaidcalculator.com/welcome.aspx,0,3,4,2,21,0,0,0,0,0,0,0,0,0,54,500,610,490,610,500,610,555,550,555,23,29,23,31,21,27,NULL,NULL,26,27,24,NULL,1162,1162,0,0.0052,0,0.0013,0.0762,0,0.0116,0,0.0465,0.0039,0,0.022,0.0568,0.0323,0.0155,0.0039,0,0.0362,0.0103,0,0.0013,0.0724,0.0233,0.0026,0.0026,0,0.0336,0,0.0078,0.0181,0,0,0,0,0.053,0.3114,0.1305,0.022,0,3145,0.8143,0.069,0.0521,0.0108,0.0032,0,0.0165,0.0286,0.0054,0.035,1,NULL,27065,NULL,NULL,NULL,NULL,NULL,21312,24845,25704,29046,30462,0.1373,0.8887,NULL,0.5,NULL,0.3287,0.0518,46300,0.738,22500,232.644501569425,0.7692307692,NULL,0.701
102058,04067300,040673,Selma University,Selma,AL,selmauniversity.edu,selmauniversity.edu/NetPriceCalculator/npcalc.htm,0,3,4,2,32,1,1,0,0,0,0,0,0,0,54,NULL,NULL,NULL,NULL,NULL,NULL,NULL,NULL,NULL,NULL,NULL,NULL,NULL,NULL,NULL,NULL,NULL,NULL,NULL,NULL,NULL,NULL,NULL,0,0,0,0,0,0,0,0,0.1739,0,0,0,0,0,0,0,0,0.087,0,0,0,0,0.087,0.3043,0,0,0,0,0,0,0,0,0,0,0,0,0.3478,0,0,312,0.0513,0.9423,0,0,0,0,0,0,0.0064,0.2436,1,NULL,12120,NULL,NULL,NULL,NULL,NULL,12119,12149,NULL,NULL,NULL,0.9369,0.4697,NULL,0.25,NULL,0.9647,0.535,PrivacySuppressed,PrivacySuppressed,PrivacySuppressed,PrivacySuppressed,0.1302325581,NULL,0.2308
102067,00569100,005691,Shelton State Community College,Tuscaloosa,AL,www.sheltonstate.edu,www.sheltonstate.edu/financial_aid/price_calculator.aspx,0,2,2,1,13,1,0,0,0,0,0,0,0,0,NULL,NULL,NULL,NULL,NULL,NULL,NULL,NULL,NULL,NULL,NULL,NULL,NULL,NULL,NULL,NULL,NULL,NULL,NULL,NULL,NULL,NULL,NULL,NULL,0,0,0,0,0,0,0,0.0395,0,0,0.0274,0,0.0154,0,0,0.259,0,0,0,0,0,0.0154,0,0,0,0,0,0,0,0,0.0377,0.1544,0.048,0,0.0034,0.2487,0.1509,0,0,4478,0.5683,0.3522,0.0025,0.0114,0.0045,0.0004,0.0154,0.0031,0.0422,0.513,1,9308,NULL,8952,9971,11201,12202,NULL,NULL,NULL,NULL,NULL,NULL,0.4919,NULL,0.6198,NULL,0.4157,0,0.216,25700,0.414,PrivacySuppressed,PrivacySuppressed,NULL,0.1198,NULL

